,Prices_usd,Market_caps,Volume,Date
0,0,7827651,92672667,2020-04-11 00:00:00
1,0,6173607,49458692,2020-04-12 00:00:00
2,0,7269680,37821009,2020-04-13 00:00:00
3,0,6302364,19579214,2020-04-14 00:00:00
4,0,5306221,17523533,2020-04-15 00:00:00
5,0,5114653,12659541,2020-04-16 00:00:00
6,0,5505929,23132895,2020-04-17 00:00:00
7,0,5348323,10227034,2020-04-18 00:00:00
8,0,5423066,10199318,2020-04-19 00:00:00
9,0,4844617,9789186,2020-04-20 00:00:00
10,0,4285479,8763891,2020-04-21 00:00:00
11,0,4591546,9610841,2020-04-22 00:00:00
12,0,5446538,18146790,2020-04-23 00:00:00
13,0,4909586,13659849,2020-04-24 00:00:00
14,0,5027193,8959427,2020-04-25 00:00:00
15,0,5173619,7324961,2020-04-26 00:00:00
16,0,5137791,8493459,2020-04-27 00:00:00
17,0,4616001,7534010,2020-04-28 00:00:00
18,0,5283691,7387289,2020-04-29 00:00:00
19,0,5897415,8964597,2020-04-30 00:00:00
20,0,5635423,5182978,2020-05-01 00:00:00
21,0,5735879,4174109,2020-05-02 00:00:00
22,0,5669404,3457574,2020-05-03 00:00:00
23,0,5486412,3375393,2020-05-04 00:00:00
24,0,5354861,3467483,2020-05-05 00:00:00
25,0,5195811,2903980,2020-05-06 00:00:00
26,0,5010066,2715223,2020-05-07 00:00:00
27,0,4874818,3385522,2020-05-08 00:00:00
28,0,4827334,2493703,2020-05-09 00:00:00
29,0,4816707,2126230,2020-05-10 00:00:00
30,0,4324416,2370841,2020-05-11 00:00:00
31,0,4171226,2113480,2020-05-12 00:00:00
32,0,4266741,2182277,2020-05-13 00:00:00
33,0,4413742,2337721,2020-05-14 00:00:00
34,0,4570789,548910,2020-05-15 00:00:00
35,0,4432087,1837728,2020-05-16 00:00:00
36,0,4752035,2286736,2020-05-17 00:00:00
37,0,4898008,2950437,2020-05-18 00:00:00
38,0,5213969,3280890,2020-05-19 00:00:00
39,0,4996233,2375972,2020-05-20 00:00:00
40,0,4629608,2306268,2020-05-21 00:00:00
41,0,4853042,2791803,2020-05-22 00:00:00
42,0,4919865,3449950,2020-05-23 00:00:00
43,0,4866957,2624526,2020-05-24 00:00:00
44,0,4374843,2831384,2020-05-25 00:00:00
45,0,4809730,4453912,2020-05-26 00:00:00
46,0,4598505,2703457,2020-05-27 00:00:00
47,0,4715158,2545885,2020-05-28 00:00:00
48,0,9366383,2654599,2020-05-29 00:00:00
49,0,9427078,2051249,2020-05-30 00:00:00
50,0,9591470,2439529,2020-05-31 00:00:00
51,0,9399234,1936502,2020-06-01 00:00:00
52,0,9424972,2232352,2020-06-02 00:00:00
53,0,9310563,1384105,2020-06-03 00:00:00
54,0,9614805,888236,2020-06-04 00:00:00
55,0,9543805,863889,2020-06-05 00:00:00
56,0,10747702,4253926,2020-06-06 00:00:00
57,0,10180036,1644975,2020-06-07 00:00:00
58,0,10138083,778127,2020-06-08 00:00:00
59,0,10913789,1450401,2020-06-09 00:00:00
60,0,10726797,934660,2020-06-10 00:00:00
61,0,10648020,1145633,2020-06-11 00:00:00
62,0,9341515,1164520,2020-06-12 00:00:00
63,0,9722321,962192,2020-06-13 00:00:00
64,0,9955797,753788,2020-06-14 00:00:00
65,0,9583560,915552,2020-06-15 00:00:00
66,0,9320494,1052111,2020-06-16 00:00:00
67,0,9519846,679085,2020-06-17 00:00:00
68,0,9549958,704810,2020-06-18 00:00:00
69,0,10224928,1372641,2020-06-19 00:00:00
70,0,11247343,7055205,2020-06-20 00:00:00
71,0,10673766,1745226,2020-06-21 00:00:00
72,0,11086240,2287434,2020-06-22 00:00:00
73,0,11996277,1654719,2020-06-23 00:00:00
74,0,11646898,1383543,2020-06-24 00:00:00
75,0,12150092,2827321,2020-06-25 00:00:00
76,0,11741625,1804323,2020-06-26 00:00:00
77,0,12079079,1673667,2020-06-27 00:00:00
78,0,11750514,1710200,2020-06-28 00:00:00
79,0,13136127,3419777,2020-06-29 00:00:00
80,0,14062849,2179078,2020-06-30 00:00:00
81,0,14164459,4200596,2020-07-01 00:00:00
82,0,13737840,1840101,2020-07-02 00:00:00
83,0,12783903,1796842,2020-07-03 00:00:00
84,0,12672163,1136961,2020-07-04 00:00:00
85,0,12892264,1683516,2020-07-05 00:00:00
86,0,11423393,3820984,2020-07-06 00:00:00
87,0,11691026,1164528,2020-07-07 00:00:00
88,0,12435090,1711217,2020-07-08 00:00:00
89,0,13138366,2258517,2020-07-09 00:00:00
90,0,14045120,2615952,2020-07-10 00:00:00
91,0,15112460,1871221,2020-07-11 00:00:00
92,0,15255277,1733700,2020-07-12 00:00:00
93,1,16696748,4779890,2020-07-13 00:00:00
94,1,20428062,4064986,2020-07-14 00:00:00
95,1,19972946,2236363,2020-07-15 00:00:00
96,1,24362181,3361791,2020-07-16 00:00:00
97,0,17274473,9296866,2020-07-17 00:00:00
98,0,20917439,11550958,2020-07-18 00:00:00
99,0,20602905,2951092,2020-07-19 00:00:00
100,0,19624140,2231346,2020-07-20 00:00:00
101,0,18811046,3041235,2020-07-21 00:00:00
102,0,20859692,4296502,2020-07-22 00:00:00
103,1,23288212,5381567,2020-07-23 00:00:00
104,1,23621340,3051275,2020-07-24 00:00:00
105,0,22240716,2030487,2020-07-25 00:00:00
106,1,27986367,9847485,2020-07-26 00:00:00
107,1,35745817,9916449,2020-07-27 00:00:00
108,1,41165009,34618880,2020-07-28 00:00:00
109,1,41629008,9748575,2020-07-29 00:00:00
110,1,40210662,11129957,2020-07-30 00:00:00
111,1,41117076,5611511,2020-07-31 00:00:00
112,1,37711209,5087571,2020-08-01 00:00:00
113,1,37591996,4748192,2020-08-02 00:00:00
114,1,42382004,6698349,2020-08-03 00:00:00
115,1,43879557,5778334,2020-08-04 00:00:00
116,1,46368816,5584908,2020-08-05 00:00:00
117,1,43050611,5569521,2020-08-06 00:00:00
118,2,57169342,10399801,2020-08-07 00:00:00
119,2,54969359,7707429,2020-08-08 00:00:00
120,2,65401183,10257501,2020-08-09 00:00:00
121,2,71020175,11357917,2020-08-10 00:00:00
122,3,87332088,22017721,2020-08-11 00:00:00
123,3,91851887,34022534,2020-08-12 00:00:00
124,3,105458413,27350570,2020-08-13 00:00:00
125,3,108874815,28936940,2020-08-14 00:00:00
126,3,101662334,19041477,2020-08-15 00:00:00
127,3,94560197,13945414,2020-08-16 00:00:00
128,3,101093049,10367526,2020-08-17 00:00:00
129,3,95117475,11222688,2020-08-18 00:00:00
130,3,103512572,29613499,2020-08-19 00:00:00
131,2,91194729,15448650,2020-08-20 00:00:00
132,3,101186302,13595404,2020-08-21 00:00:00
133,2,92576368,12006369,2020-08-22 00:00:00
134,3,95149797,10159244,2020-08-23 00:00:00
135,3,104838610,11705563,2020-08-24 00:00:00
136,3,105025071,15583655,2020-08-25 00:00:00
137,3,103504610,12533596,2020-08-26 00:00:00
138,3,114219136,22112806,2020-08-27 00:00:00
139,3,110491240,21498130,2020-08-28 00:00:00
140,4,129651597,26740109,2020-08-29 00:00:00
141,3,128816760,14534080,2020-08-30 00:00:00
142,4,144468272,22083311,2020-08-31 00:00:00
143,4,157231078,19476155,2020-09-01 00:00:00
144,4,144080731,16073140,2020-09-02 00:00:00
145,4,137747076,23121094,2020-09-03 00:00:00
146,3,119105104,27187766,2020-09-04 00:00:00
147,3,118962336,17857611,2020-09-05 00:00:00
148,2,87193154,25742235,2020-09-06 00:00:00
149,3,103754712,18512975,2020-09-07 00:00:00
150,2,99103615,15992080,2020-09-08 00:00:00
151,2,85338829,10503232,2020-09-09 00:00:00
152,3,121438753,46180176,2020-09-10 00:00:00
153,3,118759154,31817980,2020-09-11 00:00:00
154,3,121133286,16519855,2020-09-12 00:00:00
155,3,116947704,10193775,2020-09-13 00:00:00
156,3,112654349,15375145,2020-09-14 00:00:00
157,3,118721263,21853783,2020-09-15 00:00:00
158,2,107150010,12635260,2020-09-16 00:00:00
159,2,94070098,24795333,2020-09-17 00:00:00
160,2,107329192,21791980,2020-09-18 00:00:00
161,3,115398247,22533255,2020-09-19 00:00:00
162,3,113066182,10943760,2020-09-20 00:00:00
163,2,107485223,9294739,2020-09-21 00:00:00
164,2,105132421,19270693,2020-09-22 00:00:00
165,2,110996725,18874481,2020-09-23 00:00:00
166,2,107801478,14564763,2020-09-24 00:00:00
167,3,118878878,16633162,2020-09-25 00:00:00
168,3,122238331,13618464,2020-09-26 00:00:00
169,3,121477645,8801854,2020-09-27 00:00:00
170,3,124163454,7557998,2020-09-28 00:00:00
171,2,115671366,9309539,2020-09-29 00:00:00
172,2,117794737,6850416,2020-09-30 00:00:00
173,2,116997169,5787535,2020-10-01 00:00:00
174,2,116446343,8826242,2020-10-02 00:00:00
175,2,107373602,14212990,2020-10-03 00:00:00
176,2,104629198,5964945,2020-10-04 00:00:00
177,2,104629072,7148795,2020-10-05 00:00:00
178,2,109983903,8274088,2020-10-06 00:00:00
179,2,90510593,12053371,2020-10-07 00:00:00
180,2,96626244,14026928,2020-10-08 00:00:00
181,2,100361073,18962028,2020-10-09 00:00:00
182,2,108143704,14326709,2020-10-10 00:00:00
183,2,102263473,10183145,2020-10-11 00:00:00
184,2,102599664,7287675,2020-10-12 00:00:00
185,2,109398780,15148498,2020-10-13 00:00:00
186,2,104349414,13892838,2020-10-14 00:00:00
187,2,100630989,10350998,2020-10-15 00:00:00
188,2,98861299,8122715,2020-10-16 00:00:00
189,2,93684534,15223420,2020-10-17 00:00:00
190,2,95604758,6335659,2020-10-18 00:00:00
191,2,96201418,5687385,2020-10-19 00:00:00
192,2,89483911,8565815,2020-10-20 00:00:00
193,1,82488167,15641566,2020-10-21 00:00:00
194,1,82144490,23297280,2020-10-22 00:00:00
195,1,86559361,13454997,2020-10-23 00:00:00
196,1,86992250,11186213,2020-10-24 00:00:00
197,1,85097119,6919606,2020-10-25 00:00:00
198,1,80166567,9185870,2020-10-26 00:00:00
199,1,76352252,13591649,2020-10-27 00:00:00
200,1,78379682,15297050,2020-10-28 00:00:00
201,1,69484097,15939411,2020-10-29 00:00:00
202,1,65484559,8662606,2020-10-30 00:00:00
203,1,65971825,9349348,2020-10-31 00:00:00
204,1,70310236,6702913,2020-11-01 00:00:00
205,1,73223097,7044518,2020-11-02 00:00:00
206,1,67681588,6491093,2020-11-03 00:00:00
207,1,64789424,6668083,2020-11-04 00:00:00
208,1,64037059,13444944,2020-11-05 00:00:00
209,1,64230247,10875990,2020-11-06 00:00:00
210,1,88646989,29260208,2020-11-07 00:00:00
211,2,94477844,69505254,2020-11-08 00:00:00
212,2,99153483,35274009,2020-11-09 00:00:00
213,2,92911864,23430879,2020-11-10 00:00:00
214,2,104439762,17683772,2020-11-11 00:00:00
215,2,91842384,17995064,2020-11-12 00:00:00
216,1,86929582,14316052,2020-11-13 00:00:00
217,2,92395446,10853681,2020-11-14 00:00:00
218,1,88345125,7480703,2020-11-15 00:00:00
219,2,93688715,17895366,2020-11-16 00:00:00
220,2,103751002,20610242,2020-11-17 00:00:00
221,2,101161954,15969353,2020-11-18 00:00:00
222,2,97122156,13848265,2020-11-19 00:00:00
223,2,95016544,9316529,2020-11-20 00:00:00
224,2,96699115,10371769,2020-11-21 00:00:00
225,2,109103139,25366504,2020-11-22 00:00:00
226,2,99643753,20574885,2020-11-23 00:00:00
227,2,104405683,18928875,2020-11-24 00:00:00
228,2,103371313,32072469,2020-11-25 00:00:00
229,2,103929950,31314180,2020-11-26 00:00:00
230,1,87261948,41413742,2020-11-27 00:00:00
231,1,85368717,16043158,2020-11-28 00:00:00
232,1,86876340,13543976,2020-11-29 00:00:00
233,1,87979239,7475716,2020-11-30 00:00:00
234,1,90930509,10302108,2020-12-01 00:00:00
235,1,91819218,15857429,2020-12-02 00:00:00
236,2,98158810,20110298,2020-12-03 00:00:00
237,2,97007192,26145331,2020-12-04 00:00:00
238,1,86302542,12376166,2020-12-05 00:00:00
239,1,91469353,10627298,2020-12-06 00:00:00
240,1,85608059,10598081,2020-12-07 00:00:00
241,1,84695936,10468359,2020-12-08 00:00:00
242,1,77643530,17112369,2020-12-09 00:00:00
243,1,77258533,16742998,2020-12-10 00:00:00
244,1,73019479,9081181,2020-12-11 00:00:00
245,1,67063074,10757763,2020-12-12 00:00:00
246,1,68998005,9176582,2020-12-13 00:00:00
247,1,72368450,10831419,2020-12-14 00:00:00
248,1,74144495,10852348,2020-12-15 00:00:00
249,1,80958321,25707468,2020-12-16 00:00:00
250,1,82697026,20667383,2020-12-17 00:00:00
251,1,77962145,19771583,2020-12-18 00:00:00
252,1,79098065,9944183,2020-12-19 00:00:00
253,1,77655684,11133539,2020-12-20 00:00:00
254,1,72790529,11294828,2020-12-21 00:00:00
255,1,71954471,10231076,2020-12-22 00:00:00
256,1,69532641,14598569,2020-12-23 00:00:00
257,1,56718890,21811152,2020-12-24 00:00:00
258,1,63270395,11669615,2020-12-25 00:00:00
259,1,67364923,11302457,2020-12-26 00:00:00
260,1,61824850,8569139,2020-12-27 00:00:00
261,1,61706533,15721103,2020-12-28 00:00:00
262,1,70774348,16248544,2020-12-29 00:00:00
263,1,78352281,34126955,2020-12-30 00:00:00
264,1,71585859,16897738,2020-12-31 00:00:00
265,1,69766796,17111375,2021-01-01 00:00:00
266,1,86318139,32991393,2021-01-02 00:00:00
267,1,84086466,41366106,2021-01-03 00:00:00
268,2,99775343,71243785,2021-01-04 00:00:00
269,2,111799126,74768826,2021-01-05 00:00:00
270,2,100329573,65041612,2021-01-06 00:00:00
271,1,89806036,66770224,2021-01-07 00:00:00
272,2,617487734,219251174,2021-01-08 00:00:00
273,3,832993617,286755149,2021-01-09 00:00:00
274,3,895647361,120168621,2021-01-10 00:00:00
275,3,912330458,80904486,2021-01-11 00:00:00
276,3,817258464,106045335,2021-01-12 00:00:00
277,3,938493137,97551374,2021-01-13 00:00:00
278,3,921726565,75016318,2021-01-14 00:00:00
279,3,859145982,76404702,2021-01-15 00:00:00
280,3,854734765,58075508,2021-01-16 00:00:00
281,3,904006570,99803415,2021-01-17 00:00:00
282,3,1017470477,93623327,2021-01-18 00:00:00
283,3,987108914,92855359,2021-01-19 00:00:00
284,3,953132372,70082464,2021-01-20 00:00:00
285,3,973442831,58455688,2021-01-21 00:00:00
286,2,786986237,56210951,2021-01-22 00:00:00
287,3,870802220,78912922,2021-01-23 00:00:00
288,3,910358037,34563933,2021-01-24 00:00:00
289,3,946423915,39857016,2021-01-25 00:00:00
290,3,970376773,102071940,2021-01-26 00:00:00
291,4,1054703273,99915130,2021-01-27 00:00:00
292,3,965216149,41769652,2021-01-28 00:00:00
293,3,994404569,39406683,2021-01-29 00:00:00
294,3,1011832935,56780983,2021-01-30 00:00:00
295,4,1099976702,67081650,2021-01-31 00:00:00
296,4,1108554251,97446415,2021-02-01 00:00:00
297,4,1181003688,46965792,2021-02-02 00:00:00
298,5,1375270992,123805679,2021-02-03 00:00:00
299,5,1486424501,94154842,2021-02-04 00:00:00
300,6,1677733734,136705073,2021-02-05 00:00:00
301,6,1732564478,122560651,2021-02-06 00:00:00
302,6,1614662623,134130068,2021-02-07 00:00:00
303,6,1741080410,133124403,2021-02-08 00:00:00
304,7,2067531944,198992540,2021-02-09 00:00:00
305,7,2066515667,155211915,2021-02-10 00:00:00
306,9,2347978417,151648521,2021-02-11 00:00:00
307,9,2396719732,201126010,2021-02-12 00:00:00
308,9,2426763287,114926769,2021-02-13 00:00:00
309,8,2299907027,116673415,2021-02-14 00:00:00
310,8,2299584697,111434979,2021-02-15 00:00:00
311,8,2319301370,109980858,2021-02-16 00:00:00
312,8,2184260799,72282574,2021-02-17 00:00:00
313,8,2173930631,95778536,2021-02-18 00:00:00
314,9,2375754523,93285838,2021-02-19 00:00:00
315,11,2993685734,337882476,2021-02-20 00:00:00
316,10,2615417098,151686888,2021-02-21 00:00:00
317,11,2943199329,185663015,2021-02-22 00:00:00
318,14,3751426598,745502104,2021-02-23 00:00:00
319,15,4014384609,1244332504,2021-02-24 00:00:00
320,17,4630153132,653765450,2021-02-25 00:00:00
321,13,3670715311,528005152,2021-02-26 00:00:00
322,13,3630663218,439215087,2021-02-27 00:00:00
323,13,3502097092,331645301,2021-02-28 00:00:00
324,13,3482110143,388225411,2021-03-01 00:00:00
325,15,3973508157,392440888,2021-03-02 00:00:00
326,14,3703367097,225140396,2021-03-03 00:00:00
327,14,3742765612,196774080,2021-03-04 00:00:00
328,13,3465889173,147658517,2021-03-05 00:00:00
329,12,3328224948,114430118,2021-03-06 00:00:00
330,13,3455484976,151724548,2021-03-07 00:00:00
331,13,3683032789,176392184,2021-03-08 00:00:00
332,13,3627821384,135033736,2021-03-09 00:00:00
333,14,3948666694,167995189,2021-03-10 00:00:00
334,14,3801048410,146460475,2021-03-11 00:00:00
335,15,4251534865,296645197,2021-03-12 00:00:00
336,14,3904039878,234666311,2021-03-13 00:00:00
337,15,4102822643,187955914,2021-03-14 00:00:00
338,14,3914890622,111823964,2021-03-15 00:00:00
339,14,3802503168,133187836,2021-03-16 00:00:00
340,13,3652666107,144943707,2021-03-17 00:00:00
341,14,3813907144,118128026,2021-03-18 00:00:00
342,14,3818502582,98337016,2021-03-19 00:00:00
343,14,3784530964,86842533,2021-03-20 00:00:00
344,14,3827195162,86343402,2021-03-21 00:00:00
345,14,3820743747,79484161,2021-03-22 00:00:00
346,14,3996883816,326592283,2021-03-23 00:00:00
347,14,3797038254,133887151,2021-03-24 00:00:00
348,13,3673111725,147906709,2021-03-25 00:00:00
349,12,3458196577,143844943,2021-03-26 00:00:00
350,14,3952457817,183730696,2021-03-27 00:00:00
351,16,4447942286,282806957,2021-03-28 00:00:00
352,18,4849136131,534850426,2021-03-29 00:00:00
353,18,5060496028,266282434,2021-03-30 00:00:00
354,19,5140859722,320692680,2021-03-31 00:00:00
355,19,5229172252,255371895,2021-04-01 00:00:00
356,19,5115358904,213522852,2021-04-02 00:00:00
357,19,5287278539,162070984,2021-04-03 00:00:00
358,22,6076766593,600716419,2021-04-04 00:00:00
359,24,6459213598,536246712,2021-04-05 00:00:00
360,22,6143755028,324307982,2021-04-06 00:00:00
361,24,6677871480,404116807,2021-04-07 00:00:00
362,26,7244692415,714313720,2021-04-08 00:00:00
363,27,7238834909,445724093,2021-04-09 00:00:00
364,27,7509326042,351754156,2021-04-10 00:00:00
365,26,7243681262,340108404,2021-04-11 00:00:00
366,27,7504132255,293810895,2021-04-12 00:00:00
367,28,7668557969,388174413,2021-04-13 00:00:00
368,27,7477651408,327658007,2021-04-14 00:00:00
369,26,7124964901,425296729,2021-04-15 00:00:00
370,27,7510746946,267944999,2021-04-16 00:00:00
371,25,6847726667,294302057,2021-04-17 00:00:00
372,25,6763365116,259794445,2021-04-18 00:00:00
373,32,8839759827,1456340755,2021-04-19 00:00:00
374,31,8636876765,1138689654,2021-04-20 00:00:00
375,31,8638723481,982110136,2021-04-21 00:00:00
376,32,8840620046,916541281,2021-04-22 00:00:00
377,39,10546870753,1619297323,2021-04-23 00:00:00
378,37,10009570403,2170847454,2021-04-24 00:00:00
379,40,11122055713,1508721736,2021-04-25 00:00:00
380,47,12948847195,2115947832,2021-04-26 00:00:00
381,44,12053853291,1808647601,2021-04-27 00:00:00
382,43,11730117463,889450121,2021-04-28 00:00:00
383,45,12162250490,1328456957,2021-04-29 00:00:00
384,42,11521025311,1007552489,2021-04-30 00:00:00
385,42,11625206342,715484397,2021-05-01 00:00:00
386,49,13505629296,1107804038,2021-05-02 00:00:00
387,46,12731441940,736253572,2021-05-03 00:00:00
388,46,12596937422,754315146,2021-05-04 00:00:00
389,42,11695753640,850967614,2021-05-05 00:00:00
390,44,12196654588,632988283,2021-05-06 00:00:00
391,43,11848638343,496643551,2021-05-07 00:00:00
392,43,11736620149,628075167,2021-05-08 00:00:00
393,45,12483159691,565022391,2021-05-09 00:00:00
394,44,12070625546,631361237,2021-05-10 00:00:00
395,42,11724389834,610750904,2021-05-11 00:00:00
396,44,12215743859,587946571,2021-05-12 00:00:00
397,43,12440648899,1387803968,2021-05-13 00:00:00
398,41,11096669650,1273761712,2021-05-14 00:00:00
399,42,11689352286,536552649,2021-05-15 00:00:00
400,43,11799908298,617414124,2021-05-16 00:00:00
401,47,12808567896,2249695072,2021-05-17 00:00:00
402,46,12904194705,2104910795,2021-05-18 00:00:00
403,56,15371663655,2063395663,2021-05-19 00:00:00
404,35,9921711894,2921072601,2021-05-20 00:00:00
405,44,12171270499,2519340039,2021-05-21 00:00:00
406,38,10430110171,1807465387,2021-05-22 00:00:00
407,31,8668570148,1134738458,2021-05-23 00:00:00
408,24,6741153859,1988074629,2021-05-24 00:00:00
409,30,8456340961,1351443455,2021-05-25 00:00:00
410,30,8200361459,934610971,2021-05-26 00:00:00
411,35,9637728345,1118628986,2021-05-27 00:00:00
412,33,9223068939,662066528,2021-05-28 00:00:00
413,29,7915741496,624114420,2021-05-29 00:00:00
414,27,7555682949,402043440,2021-05-30 00:00:00
415,28,7786190305,385506550,2021-05-31 00:00:00
416,32,8921358871,556481220,2021-06-01 00:00:00
417,30,8466375153,451120119,2021-06-02 00:00:00
418,34,9317118424,526537332,2021-06-03 00:00:00
419,39,10988660955,1003176056,2021-06-04 00:00:00
420,37,10271428908,1090388198,2021-06-05 00:00:00
421,39,10611364493,1151594281,2021-06-06 00:00:00
422,42,11508207254,825017874,2021-06-07 00:00:00
423,38,10637505878,942584607,2021-06-08 00:00:00
424,41,11375166576,1825252143,2021-06-09 00:00:00
425,42,11544497584,1272173444,2021-06-10 00:00:00
426,41,11231058225,624242377,2021-06-11 00:00:00
427,36,9831892846,558803764,2021-06-12 00:00:00
428,36,10095207879,584578781,2021-06-13 00:00:00
429,38,10521989454,488535747,2021-06-14 00:00:00
430,39,10808680336,564059144,2021-06-15 00:00:00
431,39,10852976029,508646352,2021-06-16 00:00:00
432,39,10781816203,636535388,2021-06-17 00:00:00
433,39,10638298323,472927528,2021-06-18 00:00:00
434,36,10008182630,481564015,2021-06-19 00:00:00
435,35,9621683962,302280531,2021-06-20 00:00:00
436,35,9611623563,507507928,2021-06-21 00:00:00
437,26,7439425733,836901347,2021-06-22 00:00:00
438,26,7157859824,1371341088,2021-06-23 00:00:00
439,30,8377496849,1203441656,2021-06-24 00:00:00
440,31,8585542319,732654201,2021-06-25 00:00:00
441,29,7985242401,737663786,2021-06-26 00:00:00
442,29,7914659494,639618006,2021-06-27 00:00:00
443,31,8602431238,572104299,2021-06-28 00:00:00
444,33,9040653316,674515112,2021-06-29 00:00:00
445,33,9355893411,645572532,2021-06-30 00:00:00
446,35,9784660089,791091273,2021-07-01 00:00:00
447,33,9145093164,663491276,2021-07-02 00:00:00
448,33,9219660440,607351754,2021-07-03 00:00:00
449,34,9395489549,462037406,2021-07-04 00:00:00
450,34,9396692749,424937662,2021-07-05 00:00:00
451,33,9033978686,436664234,2021-07-06 00:00:00
452,34,9343669279,499801292,2021-07-07 00:00:00
453,36,9995196544,727575218,2021-07-08 00:00:00
454,33,9137574846,691932146,2021-07-09 00:00:00
455,33,9138440436,454190333,2021-07-10 00:00:00
456,31,8716478997,415853889,2021-07-11 00:00:00
457,32,8760359617,296169725,2021-07-12 00:00:00
458,30,8429306463,312330343,2021-07-13 00:00:00
459,29,7953342249,270392426,2021-07-14 00:00:00
460,31,8488446183,474454643,2021-07-15 00:00:00
461,28,7712932810,469048384,2021-07-16 00:00:00
462,26,7168957057,372119879,2021-07-17 00:00:00
463,26,7314497718,292646432,2021-07-18 00:00:00
464,26,7331794881,227071207,2021-07-19 00:00:00
465,24,6774142705,370348465,2021-07-20 00:00:00
466,23,6500208589,422162867,2021-07-21 00:00:00
467,26,7243897344,573149420,2021-07-22 00:00:00
468,27,7561860534,375801784,2021-07-23 00:00:00
469,28,7713349030,407425804,2021-07-24 00:00:00
470,28,7794117620,363380694,2021-07-25 00:00:00
471,28,7718142916,316495335,2021-07-26 00:00:00
472,28,7706970297,755245025,2021-07-27 00:00:00
473,27,7591579830,375190958,2021-07-28 00:00:00
474,27,7595729558,324323976,2021-07-29 00:00:00
475,31,8603692851,490243888,2021-07-30 00:00:00
476,32,8782089188,673479026,2021-07-31 00:00:00
477,36,9870964496,614044704,2021-08-01 00:00:00
478,34,9272656715,548581372,2021-08-02 00:00:00
479,33,9090469010,463809054,2021-08-03 00:00:00
480,34,9368039157,535386826,2021-08-04 00:00:00
481,35,9803376069,453652890,2021-08-05 00:00:00
482,37,10217649265,642276103,2021-08-06 00:00:00
483,39,10788517295,634966886,2021-08-07 00:00:00
484,39,10716940358,567721952,2021-08-08 00:00:00
485,37,10274392698,387950835,2021-08-09 00:00:00
486,38,10540000830,392755194,2021-08-10 00:00:00
487,40,11060502356,512007043,2021-08-11 00:00:00
488,41,11911671445,518467624,2021-08-12 00:00:00
489,41,11719191265,501994574,2021-08-13 00:00:00
490,44,12659136195,536710066,2021-08-14 00:00:00
491,44,12632010978,375775175,2021-08-15 00:00:00
492,53,15290073919,1453940559,2021-08-16 00:00:00
493,62,18474853367,3744578512,2021-08-17 00:00:00
494,64,18770890602,4071432568,2021-08-18 00:00:00
495,74,21274810508,4552452964,2021-08-19 00:00:00
496,73,20809209324,2751968421,2021-08-20 00:00:00
497,78,22425622491,1816393865,2021-08-21 00:00:00
498,74,21281170312,1502846889,2021-08-22 00:00:00
499,73,20991469522,1004789455,2021-08-23 00:00:00
500,75,22022469783,1376624102,2021-08-24 00:00:00
501,71,20724670218,1645439131,2021-08-25 00:00:00
502,71,20802776475,1460931375,2021-08-26 00:00:00
503,76,22227352877,2687938993,2021-08-27 00:00:00
504,87,25629594571,3193853129,2021-08-28 00:00:00
505,97,28329094352,2343520709,2021-08-29 00:00:00
506,94,27304152716,1619244457,2021-08-30 00:00:00
507,109,31920673369,4827155957,2021-08-31 00:00:00
508,108,31632430274,7097442296,2021-09-01 00:00:00
509,110,32218252304,3649705606,2021-09-02 00:00:00
510,128,37338512656,4623249675,2021-09-03 00:00:00
511,146,42571321335,6871215127,2021-09-04 00:00:00
512,139,40720531105,3607645007,2021-09-05 00:00:00
513,142,41412015757,2711248607,2021-09-06 00:00:00
514,164,47904979408,5245858966,2021-09-07 00:00:00
515,173,51322390022,16149087501,2021-09-08 00:00:00
516,189,55627271034,12034756697,2021-09-09 00:00:00
517,188,55264334912,12182432665,2021-09-10 00:00:00
518,178,52325632036,6992113162,2021-09-11 00:00:00
519,177,52220905554,5327211599,2021-09-12 00:00:00
520,174,51473851354,3006790022,2021-09-13 00:00:00
521,169,49653193581,6270536793,2021-09-14 00:00:00
522,157,46493824080,5484253084,2021-09-15 00:00:00
523,158,46994383928,3973589945,2021-09-16 00:00:00
524,151,45094080634,3163024291,2021-09-17 00:00:00
525,147,43906621683,4637329446,2021-09-18 00:00:00
526,170,50565779823,5288896343,2021-09-19 00:00:00
527,153,45589411995,3442771809,2021-09-20 00:00:00
528,133,39478971644,5652873068,2021-09-21 00:00:00
529,122,36248052948,5306957386,2021-09-22 00:00:00
530,148,44125796474,4912176158,2021-09-23 00:00:00
531,150,44686382478,3353529940,2021-09-24 00:00:00
532,139,41548029058,3863693217,2021-09-25 00:00:00
533,136,40572796552,2059643190,2021-09-26 00:00:00
534,135,40356234736,2683407146,2021-09-27 00:00:00
535,136,40533909717,2989640865,2021-09-28 00:00:00
536,130,39030320223,2409481752,2021-09-29 00:00:00
537,135,40196990252,2423220767,2021-09-30 00:00:00
538,141,42018890336,2213933967,2021-10-01 00:00:00
539,161,47883980396,4217104529,2021-10-02 00:00:00
540,169,50355827427,3290801786,2021-10-03 00:00:00
541,172,51567116629,2990394711,2021-10-04 00:00:00
542,167,50072719494,3108612675,2021-10-05 00:00:00
543,164,49008643389,2550034958,2021-10-06 00:00:00
544,154,46002942256,3216047716,2021-10-07 00:00:00
545,154,46145608847,2469488735,2021-10-08 00:00:00
546,158,47345863609,2714913213,2021-10-09 00:00:00
547,157,47177850270,1421850535,2021-10-10 00:00:00
548,147,44343249688,1495896606,2021-10-11 00:00:00
549,144,43203031420,1718475615,2021-10-12 00:00:00
550,152,45622740431,2766260744,2021-10-13 00:00:00
551,148,44499473671,1975667394,2021-10-14 00:00:00
552,150,45052609321,1912976981,2021-10-15 00:00:00
553,162,48823858407,3892259612,2021-10-16 00:00:00
554,158,47599650302,1481556354,2021-10-17 00:00:00
555,159,47919023512,2132944251,2021-10-18 00:00:00
556,157,47243856329,1619036320,2021-10-19 00:00:00
557,156,46992561227,1345983825,2021-10-20 00:00:00
558,175,52336972845,3069126856,2021-10-21 00:00:00
559,189,56745796681,6298926456,2021-10-22 00:00:00
560,197,59570438795,6789555146,2021-10-23 00:00:00
561,198,59635176948,2951218516,2021-10-24 00:00:00
562,203,60949072513,3114589452,2021-10-25 00:00:00
563,211,63765586638,4469234352,2021-10-26 00:00:00
564,199,60474514072,3052799572,2021-10-27 00:00:00
565,183,55282416869,4812686988,2021-10-28 00:00:00
566,195,58664473682,3385641009,2021-10-29 00:00:00
567,199,60296944148,2703331790,2021-10-30 00:00:00
568,193,58207049317,1651079244,2021-10-31 00:00:00
569,202,61090424896,2508960378,2021-11-01 00:00:00
570,203,61206174446,3098391561,2021-11-02 00:00:00
571,220,65196157014,2953101041,2021-11-03 00:00:00
572,242,72820184828,5949095156,2021-11-04 00:00:00
573,249,74509034095,4457165321,2021-11-05 00:00:00
574,237,71642292583,2814464970,2021-11-06 00:00:00
575,259,77427308372,3906155465,2021-11-07 00:00:00
576,250,75738472890,2644011982,2021-11-08 00:00:00
577,248,75445282061,3223918132,2021-11-09 00:00:00
578,239,72453801809,2681222975,2021-11-10 00:00:00
579,233,70391383039,3800891475,2021-11-11 00:00:00
580,234,71231238187,2618456168,2021-11-12 00:00:00
581,229,69321107450,2941595137,2021-11-13 00:00:00
582,241,72948327032,2171331102,2021-11-14 00:00:00
583,239,72218517508,1611356876,2021-11-15 00:00:00
584,238,72198022029,2359326721,2021-11-16 00:00:00
585,220,66832143637,3508776790,2021-11-17 00:00:00
586,219,66086823807,2879294187,2021-11-18 00:00:00
587,195,59087558120,3731836544,2021-11-19 00:00:00
588,215,65296328677,3291840770,2021-11-20 00:00:00
589,218,66281609248,1870041532,2021-11-21 00:00:00
590,232,71043502688,2555181056,2021-11-22 00:00:00
591,216,65724676692,3174537421,2021-11-23 00:00:00
592,222,67490798261,2144049180,2021-11-24 00:00:00
593,205,62457339767,2339653646,2021-11-25 00:00:00
594,209,63900196618,2227843775,2021-11-26 00:00:00
595,192,58390912497,3216471568,2021-11-27 00:00:00
596,192,58410646819,1351630152,2021-11-28 00:00:00
597,200,61094490229,1935383257,2021-11-29 00:00:00
598,204,62325150548,2007398408,2021-11-30 00:00:00
599,208,63510180677,2697160307,2021-12-01 00:00:00
600,229,70172175382,3392086055,2021-12-02 00:00:00
601,232,71252377813,3994513448,2021-12-03 00:00:00
602,212,65135413411,3755641183,2021-12-04 00:00:00
603,200,61293686195,5616789175,2021-12-05 00:00:00
604,196,59802410642,3228917298,2021-12-06 00:00:00
605,193,59370079864,3396199570,2021-12-07 00:00:00
606,190,58418632345,2433284110,2021-12-08 00:00:00
607,194,59595483461,2194875795,2021-12-09 00:00:00
608,181,56181625087,1858809298,2021-12-10 00:00:00
609,169,52395376111,1946102466,2021-12-11 00:00:00
610,171,52819332275,1791152660,2021-12-12 00:00:00
611,173,53334889635,1094395903,2021-12-13 00:00:00
612,155,47995350984,2372386156,2021-12-14 00:00:00
613,161,49398872819,2156901491,2021-12-15 00:00:00
614,178,54610048507,3458991299,2021-12-16 00:00:00
615,176,54368442494,2454635867,2021-12-17 00:00:00
616,175,54006293233,2355530732,2021-12-18 00:00:00
617,182,56393839315,1440763837,2021-12-19 00:00:00
618,179,55790507174,1441246078,2021-12-20 00:00:00
619,174,54061922630,1718453799,2021-12-21 00:00:00
620,180,55570757138,1539489579,2021-12-22 00:00:00
621,178,55058052155,1635078520,2021-12-23 00:00:00
622,190,58709806077,1932687191,2021-12-24 00:00:00
623,190,58852086815,1997417409,2021-12-25 00:00:00
624,193,59797071721,1257985154,2021-12-26 00:00:00
625,198,61198787207,1747475952,2021-12-27 00:00:00
626,196,60810349839,1631730024,2021-12-28 00:00:00
627,178,55425780679,2541804765,2021-12-29 00:00:00
628,171,52726687301,1935535240,2021-12-30 00:00:00
629,172,53261290659,1379259729,2021-12-31 00:00:00
630,170,52907181305,1380634374,2022-01-01 00:00:00
631,178,55089640249,960138212,2022-01-02 00:00:00
632,176,54604426218,846802662,2022-01-03 00:00:00
633,170,52886550470,1152100392,2022-01-04 00:00:00
634,168,52272480718,1361207424,2022-01-05 00:00:00
635,155,48184360964,1980976064,2022-01-06 00:00:00
636,150,46854691785,1922945442,2022-01-07 00:00:00
637,136,42610750948,2713161094,2022-01-08 00:00:00
638,142,44680435604,2495097582,2022-01-09 00:00:00
639,140,43844556062,1383486991,2022-01-10 00:00:00
640,135,42320546842,1797340432,2022-01-11 00:00:00
641,140,43823867475,1407732234,2022-01-12 00:00:00
642,151,47534063482,2048461630,2022-01-13 00:00:00
643,146,45924153329,1972169296,2022-01-14 00:00:00
644,146,45849250868,1627092109,2022-01-15 00:00:00
645,147,46337099650,1003160676,2022-01-16 00:00:00
646,147,46450557289,1064526626,2022-01-17 00:00:00
647,140,44032309573,1342939698,2022-01-18 00:00:00
648,141,44575080930,1327500384,2022-01-19 00:00:00
649,135,42848572759,1310094891,2022-01-20 00:00:00
650,128,40727678847,1371674053,2022-01-21 00:00:00
651,111,35070043876,3853056390,2022-01-22 00:00:00
652,94,29665575896,4095835932,2022-01-23 00:00:00
653,99,31290905178,2611991894,2022-01-24 00:00:00
654,91,28909954628,4359827042,2022-01-25 00:00:00
655,95,30084800205,2614011846,2022-01-26 00:00:00
656,92,29243771848,2847753595,2022-01-27 00:00:00
657,89,28179557560,2421524797,2022-01-28 00:00:00
658,91,28786945733,1882874786,2022-01-29 00:00:00
659,96,30216232718,1478946858,2022-01-30 00:00:00
660,93,29427732656,941974724,2022-01-31 00:00:00
661,99,31354693276,1715569710,2022-02-01 00:00:00
662,110,34784263657,3097993266,2022-02-02 00:00:00
663,101,31975373921,2979450302,2022-02-03 00:00:00
664,100,31833368519,2283972523,2022-02-04 00:00:00
665,112,35127905584,2844877285,2022-02-05 00:00:00
666,114,36087037718,2104149883,2022-02-06 00:00:00
667,115,36521264719,1281443040,2022-02-07 00:00:00
668,117,37305112916,2230152722,2022-02-08 00:00:00
669,113,36125330680,2354525277,2022-02-09 00:00:00
670,114,36294064610,1634212051,2022-02-10 00:00:00
671,106,33826915836,1963719800,2022-02-11 00:00:00
672,96,30597070580,1738208639,2022-02-12 00:00:00
673,95,30347618773,1336515340,2022-02-13 00:00:00
674,93,29672733160,910049119,2022-02-14 00:00:00
675,96,30784741416,1364915626,2022-02-15 00:00:00
676,104,33579862333,1630619496,2022-02-16 00:00:00
677,101,32707737720,1473078677,2022-02-17 00:00:00
678,93,29918359231,1463178693,2022-02-18 00:00:00
679,90,28828455911,1290677352,2022-02-19 00:00:00
680,91,29209068299,836883423,2022-02-20 00:00:00
681,90,29261491189,1428521632,2022-02-21 00:00:00
682,83,26727888651,2247461489,2022-02-22 00:00:00
683,86,27744256745,1577877587,2022-02-23 00:00:00
684,85,27294663661,1761310724,2022-02-24 00:00:00
685,89,28497445445,4075674086,2022-02-25 00:00:00
686,92,29919961866,2417499269,2022-02-26 00:00:00
687,90,28767659413,1316252928,2022-02-27 00:00:00
688,85,27360038516,1559328417,2022-02-28 00:00:00
689,99,31846087892,2674553479,2022-03-01 00:00:00
690,98,31569373571,2476563020,2022-03-02 00:00:00
691,100,32379126078,2951039198,2022-03-03 00:00:00
692,95,30435232238,1795535826,2022-03-04 00:00:00
693,88,28319787092,2029343357,2022-03-05 00:00:00
694,89,28439402258,1164108659,2022-03-06 00:00:00
695,84,26835926882,1139246888,2022-03-07 00:00:00
696,82,26300808792,1884457926,2022-03-08 00:00:00
697,82,26425486647,1704061421,2022-03-09 00:00:00
698,88,28509710713,2082131364,2022-03-10 00:00:00
699,83,26526485356,1706781764,2022-03-11 00:00:00
700,80,26163052143,1382838751,2022-03-12 00:00:00
701,81,26366084285,776192786,2022-03-13 00:00:00
702,78,25452866391,949636517,2022-03-14 00:00:00
703,81,26140341333,1317770720,2022-03-15 00:00:00
704,82,26592730954,1247125823,2022-03-16 00:00:00
705,87,27984951680,1872435776,2022-03-17 00:00:00
706,87,28483849999,1939375410,2022-03-18 00:00:00
707,89,28795996368,2216690010,2022-03-19 00:00:00
708,92,29598406487,1493437229,2022-03-20 00:00:00
709,88,28394223139,954767656,2022-03-21 00:00:00
710,88,28382479439,1145750669,2022-03-22 00:00:00
711,90,29048148956,1405727754,2022-03-23 00:00:00
712,94,30612053298,1433431548,2022-03-24 00:00:00
713,102,32979523332,2412096877,2022-03-25 00:00:00
714,98,31980590349,1817213990,2022-03-26 00:00:00
715,101,33176556212,1009509747,2022-03-27 00:00:00
716,106,34802243172,1301984880,2022-03-28 00:00:00
717,106,34753559141,2396330997,2022-03-29 00:00:00
718,111,36192035879,2434694052,2022-03-30 00:00:00
719,120,39218225944,3208462667,2022-03-31 00:00:00
720,122,40036171559,3421557221,2022-04-01 00:00:00
721,134,43736096533,3831716307,2022-04-02 00:00:00
722,132,43260457424,2989201592,2022-04-03 00:00:00
723,136,44426659281,2277967480,2022-04-04 00:00:00
724,132,43072219169,2483670638,2022-04-05 00:00:00
725,126,41374924383,2136267271,2022-04-06 00:00:00
726,112,36929750315,3198015612,2022-04-07 00:00:00
727,118,38892547341,2381088467,2022-04-08 00:00:00
728,109,35663008069,2314898911,2022-04-09 00:00:00
729,113,37007525656,1201163544,2022-04-10 00:00:00
730,112,36884144376,1163112953,2022-04-11 00:00:00
731,99,32731502385,2180410357,2022-04-12 00:00:00
732,103,33941121649,2285179235,2022-04-13 00:00:00
733,104,34394710741,1533589774,2022-04-14 00:00:00
734,100,33098172133,1652768959,2022-04-15 00:00:00
735,101,33734041429,1039846461,2022-04-16 00:00:00
736,102,34194983211,753838887,2022-04-17 00:00:00
737,100,33314012331,1010545062,2022-04-18 00:00:00
738,102,34026715047,1645729150,2022-04-19 00:00:00
739,108,36133130809,1691707373,2022-04-20 00:00:00
740,105,35158424198,1664918521,2022-04-21 00:00:00
741,101,33918138036,1757789782,2022-04-22 00:00:00
742,100,33613226147,1204999233,2022-04-23 00:00:00
743,100,33668501950,778991677,2022-04-24 00:00:00
744,99,33192811336,819713309,2022-04-25 00:00:00
745,101,33812175574,1553588587,2022-04-26 00:00:00
746,95,31900244698,1216992668,2022-04-27 00:00:00
747,98,32839728894,1141929423,2022-04-28 00:00:00
748,98,32699186204,1172675512,2022-04-29 00:00:00
749,94,31459421205,1226739530,2022-04-30 00:00:00
750,85,28318851858,1165702569,2022-05-01 00:00:00
751,89,30026659597,1353041268,2022-05-02 00:00:00
752,87,29293697485,1159472392,2022-05-03 00:00:00
753,85,28715318659,948338116,2022-05-04 00:00:00
754,92,30994771499,1327465205,2022-05-05 00:00:00
755,84,28284214619,1637132124,2022-05-06 00:00:00
756,81,27380670118,1446023145,2022-05-07 00:00:00
757,79,26603063057,1090782916,2022-05-08 00:00:00
758,74,25191538889,1351838825,2022-05-09 00:00:00
759,63,21563497316,2515612885,2022-05-10 00:00:00
760,66,22405510212,3263209052,2022-05-11 00:00:00
761,50,16302314327,3882793179,2022-05-12 00:00:00
762,44,15038211406,3786283031,2022-05-13 00:00:00
763,48,16446880063,2460641108,2022-05-14 00:00:00
764,52,17710082184,1495503985,2022-05-15 00:00:00
765,58,19795956495,1436230716,2022-05-16 00:00:00
766,53,18091955633,1827404198,2022-05-17 00:00:00
767,57,19373241293,1508263415,2022-05-18 00:00:00
768,49,16804431123,1511110400,2022-05-19 00:00:00
769,52,17743141448,1653750850,2022-05-20 00:00:00
770,49,16857955013,1528688330,2022-05-21 00:00:00
771,50,17117178967,834922127,2022-05-22 00:00:00
772,52,17927983077,907949758,2022-05-23 00:00:00
773,49,16667943417,1478212937,2022-05-24 00:00:00
774,49,16838184202,1373294087,2022-05-25 00:00:00
775,48,16335715467,1161803907,2022-05-26 00:00:00
776,43,14806873946,2324631757,2022-05-27 00:00:00
777,40,13886425335,2080433059,2022-05-28 00:00:00
778,44,15147901018,1266578193,2022-05-29 00:00:00
779,44,15240706243,1285770588,2022-05-30 00:00:00
780,47,16054338780,1756204402,2022-05-31 00:00:00
781,45,15607744325,1569956999,2022-06-01 00:00:00
782,40,13719294294,1528211460,2022-06-02 00:00:00
783,40,13925500009,1645018556,2022-06-03 00:00:00
784,38,12945160667,1353892685,2022-06-04 00:00:00
785,38,13170913879,1126087087,2022-06-05 00:00:00
786,38,13116723564,1070849320,2022-06-06 00:00:00
787,42,14456497792,2033441074,2022-06-07 00:00:00
788,39,13508568426,1810983946,2022-06-08 00:00:00
789,38,13274452699,1249666784,2022-06-09 00:00:00
790,39,13674820596,1272667344,2022-06-10 00:00:00
791,37,12668804911,1271100605,2022-06-11 00:00:00
792,33,11572660691,1218255700,2022-06-12 00:00:00
793,30,10608680978,1436075943,2022-06-13 00:00:00
794,28,9406103235,2782439336,2022-06-14 00:00:00
795,29,10187884853,2251274075,2022-06-15 00:00:00
796,34,11709149277,2629566358,2022-06-16 00:00:00
797,30,10245461840,1921578627,2022-06-17 00:00:00
798,30,10611942137,1356441011,2022-06-18 00:00:00
799,31,10801954806,1985976665,2022-06-19 00:00:00
800,34,11668548379,2107037437,2022-06-20 00:00:00
801,35,12160553284,2113624516,2022-06-21 00:00:00
802,36,12360022351,1722909851,2022-06-22 00:00:00
803,34,11762783422,1510462542,2022-06-23 00:00:00
804,38,13147607750,1701452303,2022-06-24 00:00:00
805,42,14600518798,1721984760,2022-06-25 00:00:00
806,42,14506227735,1289448179,2022-06-26 00:00:00
807,39,13523527664,1153549984,2022-06-27 00:00:00
808,38,13201680175,1122612570,2022-06-28 00:00:00
809,35,12087889411,1243120766,2022-06-29 00:00:00
810,33,11618504834,1300629589,2022-06-30 00:00:00
811,33,11335169279,1194361731,2022-07-01 00:00:00
812,33,11439454289,1323586234,2022-07-02 00:00:00
813,33,11471587893,649702017,2022-07-03 00:00:00
814,33,11480814253,567550823,2022-07-04 00:00:00
815,36,12596079600,986918298,2022-07-05 00:00:00
816,35,12138245305,1434571719,2022-07-06 00:00:00
817,37,12734796275,1290650060,2022-07-07 00:00:00
818,38,13277309359,1133093192,2022-07-08 00:00:00
819,38,13380490031,1426352674,2022-07-09 00:00:00
820,38,13134459003,623415737,2022-07-10 00:00:00
821,36,12680872339,648503659,2022-07-11 00:00:00
822,33,11600411536,789921907,2022-07-12 00:00:00
823,32,11406193662,821873017,2022-07-13 00:00:00
824,34,12072416721,1220534706,2022-07-14 00:00:00
825,37,12850093050,1328292764,2022-07-15 00:00:00
826,37,12938130582,1325304479,2022-07-16 00:00:00
827,39,13666217564,1064139738,2022-07-17 00:00:00
828,38,13432332940,1087710892,2022-07-18 00:00:00
829,43,14864108116,1523091935,2022-07-19 00:00:00
830,44,15517487195,2407640203,2022-07-20 00:00:00
831,42,14654904729,2006723913,2022-07-21 00:00:00
832,43,14946518783,1862704596,2022-07-22 00:00:00
833,40,14004906061,1394893424,2022-07-23 00:00:00
834,40,13860175820,992235932,2022-07-24 00:00:00
835,40,14275526154,868436701,2022-07-25 00:00:00
836,36,12694337922,1165279221,2022-07-26 00:00:00
837,36,12538834971,1096644463,2022-07-27 00:00:00
838,40,14009415149,1502670727,2022-07-28 00:00:00
839,42,14829428736,1933182890,2022-07-29 00:00:00
840,42,14752480667,1636823549,2022-07-30 00:00:00
841,43,15135249027,1727836476,2022-07-31 00:00:00
842,42,14746724189,1063136070,2022-08-01 00:00:00
843,41,14458934769,992134330,2022-08-02 00:00:00
844,40,14143900211,1118387777,2022-08-03 00:00:00
845,38,13359558185,2172402130,2022-08-04 00:00:00
846,38,13471456881,1243098510,2022-08-05 00:00:00
847,40,13995005582,1158100840,2022-08-06 00:00:00
848,40,13910405478,656059617,2022-08-07 00:00:00
849,40,14115646955,582195944,2022-08-08 00:00:00
850,42,14696098301,1163065597,2022-08-09 00:00:00
851,40,14091576296,874683627,2022-08-10 00:00:00
852,42,14682953331,1417788636,2022-08-11 00:00:00
853,42,14901555484,1782051840,2022-08-12 00:00:00
854,45,15769739253,1081174401,2022-08-13 00:00:00
855,46,16242663928,1223890252,2022-08-14 00:00:00
856,44,15707019257,1000632052,2022-08-15 00:00:00
857,43,15322661204,1018586521,2022-08-16 00:00:00
858,43,15065562430,1075537996,2022-08-17 00:00:00
859,40,14161164134,1249877706,2022-08-18 00:00:00
860,39,13863255686,824971812,2022-08-19 00:00:00
861,35,12530469534,1786764403,2022-08-20 00:00:00
862,35,12256688441,1200537393,2022-08-21 00:00:00
863,36,12815310875,991224706,2022-08-22 00:00:00
864,35,12352579320,1122987607,2022-08-23 00:00:00
865,35,12481061524,827899999,2022-08-24 00:00:00
866,34,12227264266,908130561,2022-08-25 00:00:00
867,35,12346020470,656358314,2022-08-26 00:00:00
868,31,11046201721,1248900621,2022-08-27 00:00:00
869,31,11052608204,698084660,2022-08-28 00:00:00
870,30,10721767532,505611658,2022-08-29 00:00:00
871,32,11387115687,829387148,2022-08-30 00:00:00
872,31,11032381033,846296043,2022-08-31 00:00:00
873,31,10982002954,710498153,2022-09-01 00:00:00
874,31,11037789630,654715113,2022-09-02 00:00:00
875,31,10904364506,627140311,2022-09-03 00:00:00
876,31,10881773797,287508158,2022-09-04 00:00:00
877,32,11245569490,370560789,2022-09-05 00:00:00
878,32,11264121877,511686055,2022-09-06 00:00:00
879,30,10834953198,1208999754,2022-09-07 00:00:00
880,32,11595827258,796019432,2022-09-08 00:00:00
881,33,11847628650,927246036,2022-09-09 00:00:00
882,34,12244442276,1098697449,2022-09-10 00:00:00
883,35,12419481830,675183558,2022-09-11 00:00:00
884,34,12331013775,712287831,2022-09-12 00:00:00
885,37,13183798412,1608877258,2022-09-13 00:00:00
886,33,11697896819,1685408590,2022-09-14 00:00:00
887,34,12027439275,938917179,2022-09-15 00:00:00
888,33,11742374385,1035640342,2022-09-16 00:00:00
889,32,11380713338,728064867,2022-09-17 00:00:00
890,33,11970489829,477780407,2022-09-18 00:00:00
891,31,11014413847,652419202,2022-09-19 00:00:00
892,32,11598805636,963739018,2022-09-20 00:00:00
893,31,11136148382,798987431,2022-09-21 00:00:00
894,30,10920166914,1180925645,2022-09-22 00:00:00
895,32,11489637349,833383661,2022-09-23 00:00:00
896,33,11974606498,969718528,2022-09-24 00:00:00
897,33,11877506512,821677077,2022-09-25 00:00:00
898,32,11474712536,576312106,2022-09-26 00:00:00
899,33,11924970586,908933850,2022-09-27 00:00:00
900,32,11669868172,1221276543,2022-09-28 00:00:00
901,33,11817378025,958564795,2022-09-29 00:00:00
902,33,12066578261,949323509,2022-09-30 00:00:00
903,33,11808862837,1166717015,2022-10-01 00:00:00
904,32,11538414123,475812174,2022-10-02 00:00:00
905,32,11395149007,518124769,2022-10-03 00:00:00
906,32,11735344819,621968801,2022-10-04 00:00:00
907,34,12125352215,692957762,2022-10-05 00:00:00
908,34,12104501989,641193220,2022-10-06 00:00:00
909,33,11847564337,670556864,2022-10-07 00:00:00
910,32,11692923622,672974282,2022-10-08 00:00:00
911,32,11634868896,351714131,2022-10-09 00:00:00
912,32,11733010112,394694049,2022-10-10 00:00:00
913,31,11448167353,630989029,2022-10-11 00:00:00
914,30,10986691633,720050451,2022-10-12 00:00:00
915,31,11138186203,481852424,2022-10-13 00:00:00
916,30,10936034776,1268002433,2022-10-14 00:00:00
917,30,10723795928,800163982,2022-10-15 00:00:00
918,29,10608095633,545155338,2022-10-16 00:00:00
919,30,10784111501,598450021,2022-10-17 00:00:00
920,31,11181494599,643752962,2022-10-18 00:00:00
921,30,10820701606,685750091,2022-10-19 00:00:00
922,28,10362112405,721536356,2022-10-20 00:00:00
923,28,10052442946,853073860,2022-10-21 00:00:00
924,28,10070949099,1004074184,2022-10-22 00:00:00
925,28,10044295675,488911345,2022-10-23 00:00:00
926,29,10480620512,670006995,2022-10-24 00:00:00
927,28,10121680743,739684192,2022-10-25 00:00:00
928,30,11077575224,1346256624,2022-10-26 00:00:00
929,31,11203611590,1240751124,2022-10-27 00:00:00
930,30,11016715358,1179536961,2022-10-28 00:00:00
931,32,11523992959,1011210916,2022-10-29 00:00:00
932,32,11775325291,1095984786,2022-10-30 00:00:00
933,32,11772898715,704167456,2022-10-31 00:00:00
934,32,11727290548,1142703750,2022-11-01 00:00:00
935,32,11588937673,1299519862,2022-11-02 00:00:00
936,30,11076265328,1780701025,2022-11-03 00:00:00
937,30,11061246430,1419473857,2022-11-04 00:00:00
938,33,12137630163,2002856945,2022-11-05 00:00:00
939,36,13202283372,3501844329,2022-11-06 00:00:00
940,32,11783689545,2458440631,2022-11-07 00:00:00
941,29,10655109386,3400112554,2022-11-08 00:00:00
942,24,8815290464,5868071366,2022-11-09 00:00:00
943,14,5120135551,4375833758,2022-11-10 00:00:00
944,17,6419997387,4179359302,2022-11-11 00:00:00
945,16,5963504846,2174804309,2022-11-12 00:00:00
946,14,5331217054,770041818,2022-11-13 00:00:00
947,13,4816392214,782848284,2022-11-14 00:00:00
948,14,5121041157,1300493081,2022-11-15 00:00:00
949,14,5205583202,811376855,2022-11-16 00:00:00
950,14,5186877452,478085250,2022-11-17 00:00:00
951,13,4954608939,651561392,2022-11-18 00:00:00
952,13,4831754494,343052461,2022-11-19 00:00:00
953,12,4683383043,300941946,2022-11-20 00:00:00
954,12,4470695233,487321298,2022-11-21 00:00:00
955,11,4319145655,484804704,2022-11-22 00:00:00
956,12,4530165523,523436176,2022-11-23 00:00:00
957,14,5242384046,846044003,2022-11-24 00:00:00
958,14,5295975306,618848577,2022-11-25 00:00:00
959,14,5120779702,360308376,2022-11-26 00:00:00
960,14,5142450538,375214637,2022-11-27 00:00:00
961,14,5138320693,255763021,2022-11-28 00:00:00
962,13,4848821246,503946286,2022-11-29 00:00:00
963,13,4865903266,298911192,2022-11-30 00:00:00
964,14,5160133742,302419321,2022-12-01 00:00:00
965,13,4905910344,268679954,2022-12-02 00:00:00
966,13,5000690502,285026800,2022-12-03 00:00:00
967,13,4863696934,197683828,2022-12-04 00:00:00
968,13,5008063958,173958273,2022-12-05 00:00:00
969,13,5053925412,383499016,2022-12-06 00:00:00
970,14,5195420302,333400205,2022-12-07 00:00:00
971,13,4939250221,272839148,2022-12-08 00:00:00
972,13,5016573038,236384884,2022-12-09 00:00:00
973,13,4985978110,257533932,2022-12-10 00:00:00
974,13,4967608679,123957064,2022-12-11 00:00:00
975,13,4920995808,132233094,2022-12-12 00:00:00
976,13,4889774456,250950456,2022-12-13 00:00:00
977,13,5067860068,388863061,2022-12-14 00:00:00
978,14,5187094164,531056515,2022-12-15 00:00:00
979,13,5134598270,320493477,2022-12-16 00:00:00
980,12,4487828854,416039758,2022-12-17 00:00:00
981,12,4589791879,277076734,2022-12-18 00:00:00
982,12,4577684410,127947867,2022-12-19 00:00:00
983,11,4386451838,240138137,2022-12-20 00:00:00
984,12,4505699073,203088901,2022-12-21 00:00:00
985,12,4442285590,189500696,2022-12-22 00:00:00
986,11,4304981639,205996063,2022-12-23 00:00:00
987,11,4327532615,177437763,2022-12-24 00:00:00
988,11,4207271979,226479857,2022-12-25 00:00:00
989,11,4185139946,112713128,2022-12-26 00:00:00
990,11,4147178331,151024935,2022-12-27 00:00:00
991,11,4063717880,260619507,2022-12-28 00:00:00
992,9,3585609635,524688006,2022-12-29 00:00:00
993,9,3537484124,838317810,2022-12-30 00:00:00
994,9,3630516626,996392621,2022-12-31 00:00:00
995,9,3663707629,328903351,2023-01-01 00:00:00
996,9,3670345897,220369604,2023-01-02 00:00:00
997,11,4150541190,612350127,2023-01-03 00:00:00
998,13,4897985570,1332758654,2023-01-04 00:00:00
999,13,4953205509,1282105634,2023-01-05 00:00:00
1000,13,4943576397,597269711,2023-01-06 00:00:00
1001,13,4984816083,488298544,2023-01-07 00:00:00
1002,13,4837378850,206848508,2023-01-08 00:00:00
1003,14,5151917607,641916931,2023-01-09 00:00:00
1004,16,6031956017,1889438468,2023-01-10 00:00:00
1005,16,6001548952,854036815,2023-01-11 00:00:00
1006,16,6106281178,749738092,2023-01-12 00:00:00
1007,16,6160624328,948123277,2023-01-13 00:00:00
1008,18,6767551967,1221076768,2023-01-14 00:00:00
1009,24,9066218089,4130184710,2023-01-15 00:00:00
1010,22,8465167529,1967106481,2023-01-16 00:00:00
1011,23,8762954564,1775938541,2023-01-17 00:00:00
1012,22,8525510205,1033549762,2023-01-18 00:00:00
1013,20,7710048711,1543991743,2023-01-19 00:00:00
1014,21,7934995923,898504341,2023-01-20 00:00:00
1015,25,9489394201,1527407710,2023-01-21 00:00:00
1016,24,9143727538,2096626033,2023-01-22 00:00:00
1017,24,9004757973,970991825,2023-01-23 00:00:00
1018,24,9057978593,917151760,2023-01-24 00:00:00
1019,22,8470454667,855305584,2023-01-25 00:00:00
1020,24,9151912233,1389562422,2023-01-26 00:00:00
1021,24,9052529628,811737989,2023-01-27 00:00:00
1022,24,9066608034,702646248,2023-01-28 00:00:00
1023,23,8888774937,522601581,2023-01-29 00:00:00
1024,26,9723380871,1086841729,2023-01-30 00:00:00
1025,23,8894199458,1111636437,2023-01-31 00:00:00
1026,23,8896873315,636667495,2023-02-01 00:00:00
1027,24,9295594682,1017077833,2023-02-02 00:00:00
1028,24,9062290851,1066576080,2023-02-03 00:00:00
1029,24,9209669774,781139212,2023-02-04 00:00:00
1030,24,9084646376,350243684,2023-02-05 00:00:00
1031,23,8775453234,638580954,2023-02-06 00:00:00
1032,22,8463616399,463322357,2023-02-07 00:00:00
1033,23,8928209652,707393494,2023-02-08 00:00:00
1034,23,8681217220,581769819,2023-02-09 00:00:00
1035,20,7674814944,808728417,2023-02-10 00:00:00
1036,20,7582538971,684166038,2023-02-11 00:00:00
1037,20,7825374946,278031093,2023-02-12 00:00:00
1038,21,8057257217,544548720,2023-02-13 00:00:00
1039,20,7804126001,723121577,2023-02-14 00:00:00
1040,21,8222948441,850945955,2023-02-15 00:00:00
1041,23,8975776575,831022310,2023-02-16 00:00:00
1042,22,8400837292,956362734,2023-02-17 00:00:00
1043,23,8757810457,666303722,2023-02-18 00:00:00
1044,23,8864240990,411412105,2023-02-19 00:00:00
1045,24,9416249238,1082089933,2023-02-20 00:00:00
1046,26,9849428455,1528181094,2023-02-21 00:00:00
1047,24,9410006572,971104096,2023-02-22 00:00:00
1048,24,9148040150,1006550896,2023-02-23 00:00:00
1049,23,9024298203,617535605,2023-02-24 00:00:00
1050,23,8723841537,649161438,2023-02-25 00:00:00
1051,22,8461125692,582781483,2023-02-26 00:00:00
1052,23,8789815699,447765032,2023-02-27 00:00:00
1053,22,8589782940,515693154,2023-02-28 00:00:00
1054,21,8278729498,353854572,2023-03-01 00:00:00
1055,22,8530663779,368841392,2023-03-02 00:00:00
1056,21,8328272221,331963626,2023-03-03 00:00:00
1057,21,8106249844,498070582,2023-03-04 00:00:00
1058,20,7946564768,254558509,2023-03-05 00:00:00
1059,21,8013062334,269435912,2023-03-06 00:00:00
1060,20,7891217439,325982714,2023-03-07 00:00:00
1061,20,7742957402,397969144,2023-03-08 00:00:00
1062,18,7066726944,654065004,2023-03-09 00:00:00
1063,17,6615095595,817533089,2023-03-10 00:00:00
1064,18,7004462520,988470037,2023-03-11 00:00:00
1065,18,6928931920,671121164,2023-03-12 00:00:00
1066,20,7755318676,766795515,2023-03-13 00:00:00
1067,20,7821977632,1115385621,2023-03-14 00:00:00
1068,20,8029661085,1216812986,2023-03-15 00:00:00
1069,19,7414057337,891834503,2023-03-16 00:00:00
1070,19,7607669118,505612446,2023-03-17 00:00:00
1071,21,8298944866,746567229,2023-03-18 00:00:00
1072,21,8167246753,984171481,2023-03-19 00:00:00
1073,22,8495353255,671444269,2023-03-20 00:00:00
1074,22,8570996250,1214980639,2023-03-21 00:00:00
1075,22,8718952337,725964027,2023-03-22 00:00:00
1076,21,8277163932,914736382,2023-03-23 00:00:00
1077,22,8543484776,538469214,2023-03-24 00:00:00
1078,20,7977960408,635693408,2023-03-25 00:00:00
1079,20,7901578024,387073479,2023-03-26 00:00:00
1080,20,8079229951,326327791,2023-03-27 00:00:00
1081,19,7655291926,406232834,2023-03-28 00:00:00
1082,20,7878765558,400868517,2023-03-29 00:00:00
1083,21,8122141676,422168351,2023-03-30 00:00:00
1084,20,7919320174,532520991,2023-03-31 00:00:00
1085,21,8194996259,415947399,2023-04-01 00:00:00
1086,21,8133720019,251948585,2023-04-02 00:00:00
1087,20,7929638196,250939723,2023-04-03 00:00:00
1088,20,7900168640,529752910,2023-04-04 00:00:00
1089,20,8093519489,348472966,2023-04-05 00:00:00
1090,20,8139780743,361878192,2023-04-06 00:00:00
1091,20,7980951367,271953094,2023-04-07 00:00:00
1092,20,7945861961,208769926,2023-04-08 00:00:00
1093,20,7779827678,229345793,2023-04-09 00:00:00
1094,20,7886462397,195652671,2023-04-10 00:00:00
1095,20,8111384994,243051082,2023-04-11 00:00:00
1096,23,9019417673,1081779112,2023-04-12 00:00:00
1097,23,9350156509,1370531367,2023-04-13 00:00:00
1098,24,9566762973,666066820,2023-04-14 00:00:00
1099,24,9705804479,825834920,2023-04-15 00:00:00
1100,24,9451805831,387945854,2023-04-16 00:00:00
1101,25,9920073717,514890126,2023-04-17 00:00:00
1102,24,9623598168,910595768,2023-04-18 00:00:00
1103,24,9739599132,558944406,2023-04-19 00:00:00
1104,22,8903451124,974039298,2023-04-20 00:00:00
1105,22,8697671636,712597030,2023-04-21 00:00:00
1106,21,8333890309,527655622,2023-04-22 00:00:00
1107,21,8584446324,249197740,2023-04-23 00:00:00
1108,21,8420199212,348355516,2023-04-24 00:00:00
1109,21,8399117356,401676853,2023-04-25 00:00:00
1110,21,8617142936,409777211,2023-04-26 00:00:00
1111,21,8354008434,778775424,2023-04-27 00:00:00
1112,22,8756193576,588617917,2023-04-28 00:00:00
1113,23,9208471390,571324657,2023-04-29 00:00:00
1114,23,9092156212,419332790,2023-04-30 00:00:00
1115,22,9057154980,425241774,2023-05-01 00:00:00
1116,22,8651811979,505839771,2023-05-02 00:00:00
1117,22,8773546966,326717891,2023-05-03 00:00:00
1118,22,8762010269,493483012,2023-05-04 00:00:00
1119,21,8571042186,330851121,2023-05-05 00:00:00
1120,22,8999007584,495492869,2023-05-06 00:00:00
1121,21,8661587000,387964991,2023-05-07 00:00:00
1122,22,8705466133,341580978,2023-05-08 00:00:00
1123,20,8146997991,647060628,2023-05-09 00:00:00
1124,20,8164794903,318980320,2023-05-10 00:00:00
1125,20,8287539919,525984506,2023-05-11 00:00:00
1126,20,8015037356,428549097,2023-05-12 00:00:00
1127,20,8274505085,397702422,2023-05-13 00:00:00
1128,20,8297710532,252119905,2023-05-14 00:00:00
1129,20,8280978190,211874592,2023-05-15 00:00:00
1130,21,8316882669,339745928,2023-05-16 00:00:00
1131,20,8187913902,338232379,2023-05-17 00:00:00
1132,21,8341868800,332798485,2023-05-18 00:00:00
1133,20,8061536789,325479692,2023-05-19 00:00:00
1134,20,8059779103,159063269,2023-05-20 00:00:00
1135,20,8022997471,129666227,2023-05-21 00:00:00
1136,19,7783712425,236865558,2023-05-22 00:00:00
1137,19,7749799385,245317080,2023-05-23 00:00:00
1138,20,7940043369,293341170,2023-05-24 00:00:00
1139,19,7619548993,317110913,2023-05-25 00:00:00
1140,19,7626215765,231050352,2023-05-26 00:00:00
1141,19,7676617783,181186113,2023-05-27 00:00:00
1142,20,8089935112,209249088,2023-05-28 00:00:00
1143,20,8259241871,319936574,2023-05-29 00:00:00
1144,20,8162528825,263476675,2023-05-30 00:00:00
1145,21,8420948536,390015607,2023-05-31 00:00:00
1146,20,8253719265,264038937,2023-06-01 00:00:00
1147,20,8135209555,229620968,2023-06-02 00:00:00
1148,21,8440560224,262878676,2023-06-03 00:00:00
1149,21,8395562285,159566542,2023-06-04 00:00:00
1150,21,8705745044,372653389,2023-06-05 00:00:00
1151,20,7993273614,663116037,2023-06-06 00:00:00
1152,20,8102758544,490820421,2023-06-07 00:00:00
1153,18,7429398031,412771478,2023-06-08 00:00:00
1154,18,7533243369,295929574,2023-06-09 00:00:00
1155,17,6890419608,511958399,2023-06-10 00:00:00
1156,15,6262620811,1409006890,2023-06-11 00:00:00
1157,15,6191248338,495437298,2023-06-12 00:00:00
1158,15,6067764743,431328719,2023-06-13 00:00:00
1159,14,5975770710,403335227,2023-06-14 00:00:00
1160,14,5789069977,327310831,2023-06-15 00:00:00
1161,14,5880524857,371929576,2023-06-16 00:00:00
1162,15,6109552126,256057658,2023-06-17 00:00:00
1163,15,6246219926,218008809,2023-06-18 00:00:00
1164,15,6170109454,155673889,2023-06-19 00:00:00
1165,16,6382655003,150009939,2023-06-20 00:00:00
1166,16,6629964493,248748774,2023-06-21 00:00:00
1167,17,6903161332,315268431,2023-06-22 00:00:00
1168,16,6663990154,295506781,2023-06-23 00:00:00
1169,17,6825331675,328345333,2023-06-24 00:00:00
1170,16,6642182122,235858972,2023-06-25 00:00:00
1171,16,6785842637,212892011,2023-06-26 00:00:00
1172,16,6497000673,246629750,2023-06-27 00:00:00
1173,16,6626087422,232332350,2023-06-28 00:00:00
1174,15,6403600623,301702745,2023-06-29 00:00:00
1175,17,7187331652,635900925,2023-06-30 00:00:00
1176,18,7567998783,828667787,2023-07-01 00:00:00
1177,18,7437496981,280718699,2023-07-02 00:00:00
1178,19,7792444090,474851803,2023-07-03 00:00:00
1179,19,7700930946,280766166,2023-07-04 00:00:00
1180,19,7724902370,303069428,2023-07-05 00:00:00
1181,18,7619692719,234904855,2023-07-06 00:00:00
1182,19,8013479115,849101386,2023-07-07 00:00:00
1183,21,8609626131,827536919,2023-07-08 00:00:00
1184,21,8804631486,596483861,2023-07-09 00:00:00
1185,21,8595004420,364524219,2023-07-10 00:00:00
1186,21,8559664093,508301719,2023-07-11 00:00:00
1187,22,8875741131,431275744,2023-07-12 00:00:00
1188,21,8862665910,553660968,2023-07-13 00:00:00
1189,25,10410892785,1191586017,2023-07-14 00:00:00
1190,26,10743046575,2112669368,2023-07-15 00:00:00
1191,27,11015911503,1182553641,2023-07-16 00:00:00
1192,27,11002094754,747993415,2023-07-17 00:00:00
1193,26,10816613437,1008258072,2023-07-18 00:00:00
1194,25,10269805534,690701365,2023-07-19 00:00:00
1195,26,10633423774,591575595,2023-07-20 00:00:00
1196,25,10227156125,586428471,2023-07-21 00:00:00
1197,25,10346698670,426785949,2023-07-22 00:00:00
1198,24,9872947825,325886121,2023-07-23 00:00:00
1199,24,10018814299,345569811,2023-07-24 00:00:00
1200,23,9455689036,517091585,2023-07-25 00:00:00
1201,23,9395875459,362056307,2023-07-26 00:00:00
1202,25,10171319431,682755887,2023-07-27 00:00:00
1203,25,10151894149,493788462,2023-07-28 00:00:00
1204,24,10051629238,354454914,2023-07-29 00:00:00
1205,25,10178962394,266002736,2023-07-30 00:00:00
1206,24,9816173591,354202895,2023-07-31 00:00:00
1207,23,9604285334,401006374,2023-08-01 00:00:00
1208,23,9663629338,433930052,2023-08-02 00:00:00
1209,23,9376125922,426945357,2023-08-03 00:00:00
1210,22,9178003135,375514604,2023-08-04 00:00:00
1211,22,9237548520,387384158,2023-08-05 00:00:00
1212,22,9155491618,256370671,2023-08-06 00:00:00
1213,23,9384285772,338171013,2023-08-07 00:00:00
1214,23,9344630841,386012925,2023-08-08 00:00:00
1215,24,9819635413,561549883,2023-08-09 00:00:00
1216,24,9894698836,458039680,2023-08-10 00:00:00
1217,24,9982518848,352124557,2023-08-11 00:00:00
1218,24,9969763672,337807060,2023-08-12 00:00:00
1219,24,10095650763,277306903,2023-08-13 00:00:00
1220,24,9839554742,278182091,2023-08-14 00:00:00
1221,25,10211324982,388025853,2023-08-15 00:00:00
1222,23,9697572470,452521516,2023-08-16 00:00:00
1223,22,9300306072,495294920,2023-08-17 00:00:00
1224,21,8833375790,656412528,2023-08-18 00:00:00
1225,21,8681695608,412220153,2023-08-19 00:00:00
1226,21,8875169734,258675630,2023-08-19 21:48:59
